time,perc_of_seen_events
63.384866583,57.142857142857146
