time,perc_of_seen_events
73.915017581,76.19047619047619
