time,perc_of_seen_events
85.58648343099999,57.142857142857146
